instance_name;beta;h;max_time;seed;ML_used;makespan;makespan_bb;;;;;;;;;;
t_j20_m5.txt;0.4;0.75;60;12345;7;1278;1309.335;;;;;;;;;;
t_j20_m5.txt;0.4;0.75;60;12345;8;1278;1309.335;;;;;;;;;;
t_j20_m5.txt;0.4;0.75;60;12345;9;1278;1305.3225;;Promedio de makespan;Etiquetas de columna;;;;;;;
t_j20_m5.txt;0.4;0.75;60;435451;7;1278;1309.335;;Etiquetas de fila;7;8;9;Total general;;;;
t_j20_m5.txt;0.4;0.75;60;435451;8;1278;1309.335;;t_j100_m10.txt;5817;5816.3;5811.2;5814.833333;;;;
t_j20_m5.txt;0.4;0.75;60;435451;9;1278;1309.335;;t_j100_m20.txt;6515.4;6515.4;6509.4;6513.4;;;;
t_j20_m5.txt;0.4;0.75;60;56162;7;1278;1304.76;;t_j100_m5.txt;5496.8;5496.3;5496.6;5496.566667;;;;
t_j20_m5.txt;0.4;0.75;60;56162;8;1278;1304.76;;t_j20_m10.txt;1593.1;1592.4;1591.3;1592.266667;;;;
t_j20_m5.txt;0.4;0.75;60;56162;9;1278;1304.76;;t_j20_m20.txt;2323;2322.4;2321;2322.133333;;;;
t_j20_m5.txt;0.4;0.75;60;68813;7;1278;1309.335;;t_j20_m5.txt;1278;1278;1278;1278;;;;
t_j20_m5.txt;0.4;0.75;60;68813;8;1278;1304.76;;t_j200_m10.txt;10956.6;10956.6;10953.5;10955.56667;;;;
t_j20_m5.txt;0.4;0.75;60;68813;9;1278;1304.76;;t_j200_m20.txt;11598.6;11597.6;11571.5;11589.23333;;;;
t_j20_m5.txt;0.4;0.75;60;368387;7;1278;1310.1975;;t_j50_m10.txt;3098.4;3098.3;3095;3097.233333;;;;
t_j20_m5.txt;0.4;0.75;60;368387;8;1278;1310.1975;;t_j50_m20.txt;4020;4017.9;4010.7;4016.2;;;;
t_j20_m5.txt;0.4;0.75;60;368387;9;1278;1309.6725;;t_j50_m5.txt;2724;2724;2724;2724;;;;
t_j20_m5.txt;0.4;0.75;60;687619;7;1278;1307.685;;t_j500_m20.txt;26770.3;26770.3;26713.3;26751.3;;;;
t_j20_m5.txt;0.4;0.75;60;687619;8;1278;1307.31;;Total general;6849.266667;6848.791667;6839.625;6845.894444;;;;
t_j20_m5.txt;0.4;0.75;60;687619;9;1278;1307.685;;;;;;;;;;
t_j20_m5.txt;0.4;0.75;60;354135;7;1278;1307.31;;;;;;;;;;
t_j20_m5.txt;0.4;0.75;60;354135;8;1278;1307.31;;;;;;;;;;
t_j20_m5.txt;0.4;0.75;60;354135;9;1278;1308.1725;;;;;;;t_j20_m5.txt;1278.00;1278.00;1278.00
t_j20_m5.txt;0.4;0.75;60;839113;7;1278;1305.66;;;;;;;t_j20_m10.txt;1593.10;1592.40;1591.30
t_j20_m5.txt;0.4;0.75;60;839113;8;1278;1305.66;;;;;;;t_j20_m20.txt;2323.00;2322.40;2321.00
t_j20_m5.txt;0.4;0.75;60;839113;9;1278;1305.66;;;;;;;t_j50_m5.txt;2724.00;2724.00;2724.00
t_j20_m5.txt;0.4;0.75;60;123452;7;1278;1307.685;;;;;;;t_j50_m10.txt;3098.40;3098.30;3095.00
t_j20_m5.txt;0.4;0.75;60;123452;8;1278;1297.825;;;;;;;t_j50_m20.txt;4020.00;4017.90;4010.70
t_j20_m5.txt;0.4;0.75;60;123452;9;1278;1296.9625;;t_j200_m10.txt;10956.6;10956.6;10953.5;;t_j100_m5.txt;5496.80;5496.30;5496.60
t_j20_m5.txt;0.4;0.75;60;4354512;7;1278;1305.3225;;t_j200_m20.txt;11598.6;11597.6;11571.5;;t_j100_m10.txt;5817.00;5816.30;5811.20
t_j20_m5.txt;0.4;0.75;60;4354512;8;1278;1305.3225;;;;;;;t_j100_m20.txt;6515.40;6515.40;6509.40
t_j20_m5.txt;0.4;0.75;60;4354512;9;1278;1305.3225;;;;;;;t_j200_m10.txt;10956.60;10956.60;10953.50
t_j20_m10.txt;0.4;0.75;60;12345;7;1591;1605.82;;;;;;;t_j200_m20.txt;11598.60;11597.60;11571.50
t_j20_m10.txt;0.4;0.75;60;12345;8;1591;1605.82;;;;;;;t_j500_m20.txt;26770.30;26770.30;26713.30
t_j20_m10.txt;0.4;0.75;60;12345;9;1591;1605.82;;;;;;;Total;6849.27;6848.79;6839.63
t_j20_m10.txt;0.4;0.75;60;435451;7;1601;1621.595;;;;;;;;;;
t_j20_m10.txt;0.4;0.75;60;435451;8;1598;1607.4725;;;;;;;;;;
t_j20_m10.txt;0.4;0.75;60;435451;9;1593;1621.25;;;;;;;;;;
t_j20_m10.txt;0.4;0.75;60;56162;7;1608;1624.95;;;;;;;;;;
t_j20_m10.txt;0.4;0.75;60;56162;8;1604;1617.6125;;;;;;;;;;
t_j20_m10.txt;0.4;0.75;60;56162;9;1598;1617.455;;;;;;;;;;
t_j20_m10.txt;0.4;0.75;60;68813;7;1593;1615.9075;;;;;;;;;;
t_j20_m10.txt;0.4;0.75;60;68813;8;1593;1615.9075;;;;;;;;;;
t_j20_m10.txt;0.4;0.75;60;68813;9;1593;1615.9075;;;;;;;;;;
t_j20_m10.txt;0.4;0.75;60;368387;7;1591;1605.82;;;;;;;;;;
t_j20_m10.txt;0.4;0.75;60;368387;8;1591;1617.7325;;;;;;;;;;
t_j20_m10.txt;0.4;0.75;60;368387;9;1591;1617.7325;;;;;;;;;;
t_j20_m10.txt;0.4;0.75;60;687619;7;1591;1606.27;;;;;;;;;;
t_j20_m10.txt;0.4;0.75;60;687619;8;1591;1606.27;;;;;;;;;;
t_j20_m10.txt;0.4;0.75;60;687619;9;1591;1606.27;;;;;;;;;;
t_j20_m10.txt;0.4;0.75;60;354135;7;1586;1602.2;;;;;;;;;;
t_j20_m10.txt;0.4;0.75;60;354135;8;1586;1602.2;;;;;;;;;;
t_j20_m10.txt;0.4;0.75;60;354135;9;1586;1602.2;;;;;;;;;;
t_j20_m10.txt;0.4;0.75;60;839113;7;1588;1604.155;;;;;;;;;;
t_j20_m10.txt;0.4;0.75;60;839113;8;1588;1604.155;;;;;;;;;;
t_j20_m10.txt;0.4;0.75;60;839113;9;1588;1604.155;;;;;;;;;;
t_j20_m10.txt;0.4;0.75;60;123452;7;1591;1610.605;;;;;;;;;;
t_j20_m10.txt;0.4;0.75;60;123452;8;1591;1610.605;;;;;;;;;;
t_j20_m10.txt;0.4;0.75;60;123452;9;1591;1610.605;;;;;;;;;;
t_j20_m10.txt;0.4;0.75;60;4354512;7;1591;1606.27;;;;;;;;;;
t_j20_m10.txt;0.4;0.75;60;4354512;8;1591;1606.27;;;;;;;;;;
t_j20_m10.txt;0.4;0.75;60;4354512;9;1591;1606.27;;;;;;;;;;
t_j20_m20.txt;0.4;0.75;60;12345;7;2328;2361.6075;;;;;;;;;;
t_j20_m20.txt;0.4;0.75;60;12345;8;2328;2361.6075;;;;;;;;;;
t_j20_m20.txt;0.4;0.75;60;12345;9;2306;2335.785;;;;;;;;;;
t_j20_m20.txt;0.4;0.75;60;435451;7;2324;2363.0975;;;;;;;;;;
t_j20_m20.txt;0.4;0.75;60;435451;8;2324;2363.0975;;;;;;;;;;
t_j20_m20.txt;0.4;0.75;60;435451;9;2325;2354.64;;;;;;;;;;
t_j20_m20.txt;0.4;0.75;60;56162;7;2319;2353.555;;;;;;;;;;
t_j20_m20.txt;0.4;0.75;60;56162;8;2319;2353.555;;;;;;;;;;
t_j20_m20.txt;0.4;0.75;60;56162;9;2319;2353.555;;;;;;;;;;
t_j20_m20.txt;0.4;0.75;60;68813;7;2325;2354.64;;;;;;;;;;
t_j20_m20.txt;0.4;0.75;60;68813;8;2325;2354.64;;;;;;;;;;
t_j20_m20.txt;0.4;0.75;60;68813;9;2323;2344.7725;;;;;;;;;;
t_j20_m20.txt;0.4;0.75;60;368387;7;2310;2344.785;;;;;;;;;;
t_j20_m20.txt;0.4;0.75;60;368387;8;2310;2344.785;;;;;;;;;;
t_j20_m20.txt;0.4;0.75;60;368387;9;2310;2344.785;;;;;;;;;;
t_j20_m20.txt;0.4;0.75;60;687619;7;2327;2347.6025;;;;;;;;;;
t_j20_m20.txt;0.4;0.75;60;687619;8;2327;2347.6025;;;;;;;;;;
t_j20_m20.txt;0.4;0.75;60;687619;9;2327;2347.6025;;;;;;;;;;
t_j20_m20.txt;0.4;0.75;60;354135;7;2325;2354.64;;;;;;;;;;
t_j20_m20.txt;0.4;0.75;60;354135;8;2325;2354.64;;;;;;;;;;
t_j20_m20.txt;0.4;0.75;60;354135;9;2325;2354.64;;;;;;;;;;
t_j20_m20.txt;0.4;0.75;60;839113;7;2327;2335.75;;;;;;;;;;
t_j20_m20.txt;0.4;0.75;60;839113;8;2327;2335.75;;;;;;;;;;
t_j20_m20.txt;0.4;0.75;60;839113;9;2327;2335.75;;;;;;;;;;
t_j20_m20.txt;0.4;0.75;60;123452;7;2323;2347.5325;;;;;;;;;;
t_j20_m20.txt;0.4;0.75;60;123452;8;2323;2347.5325;;;;;;;;;;
t_j20_m20.txt;0.4;0.75;60;123452;9;2323;2347.5325;;;;;;;;;;
t_j20_m20.txt;0.4;0.75;60;4354512;7;2322;2346.6075;;;;;;;;;;
t_j20_m20.txt;0.4;0.75;60;4354512;8;2316;2371.1475;;;;;;;;;;
t_j20_m20.txt;0.4;0.75;60;4354512;9;2325;2354.64;;;;;;;;;;
t_j50_m5.txt;0.4;0.75;60;12345;7;2724;2757.6825;;;;;;;;;;
t_j50_m5.txt;0.4;0.75;60;12345;8;2724;2757.6825;;;;;;;;;;
t_j50_m5.txt;0.4;0.75;60;12345;9;2724;2754.3825;;;;;;;;;;
t_j50_m5.txt;0.4;0.75;60;435451;7;2724;2748.0075;;;;;;;;;;
t_j50_m5.txt;0.4;0.75;60;435451;8;2724;2748.0075;;;;;;;;;;
t_j50_m5.txt;0.4;0.75;60;435451;9;2724;2744.7075;;;;;;;;;;
t_j50_m5.txt;0.4;0.75;60;56162;7;2724;2758.0575;;;;;;;;;;
t_j50_m5.txt;0.4;0.75;60;56162;8;2724;2758.0575;;;;;;;;;;
t_j50_m5.txt;0.4;0.75;60;56162;9;2724;2758.0575;;;;;;;;;;
t_j50_m5.txt;0.4;0.75;60;68813;7;2724;2746.0125;;;;;;;;;;
t_j50_m5.txt;0.4;0.75;60;68813;8;2724;2746.0125;;;;;;;;;;
t_j50_m5.txt;0.4;0.75;60;68813;9;2724;2746.0125;;;;;;;;;;
t_j50_m5.txt;0.4;0.75;60;368387;7;2724;2751.57;;;;;;;;;;
t_j50_m5.txt;0.4;0.75;60;368387;8;2724;2751.57;;;;;;;;;;
t_j50_m5.txt;0.4;0.75;60;368387;9;2724;2751.57;;;;;;;;;;
t_j50_m5.txt;0.4;0.75;60;687619;7;2724;2752.2825;;;;;;;;;;
t_j50_m5.txt;0.4;0.75;60;687619;8;2724;2752.2825;;;;;;;;;;
t_j50_m5.txt;0.4;0.75;60;687619;9;2724;2752.2825;;;;;;;;;;
t_j50_m5.txt;0.4;0.75;60;354135;7;2724;2749.6575;;;;;;;;;;
t_j50_m5.txt;0.4;0.75;60;354135;8;2724;2749.6575;;;;;;;;;;
t_j50_m5.txt;0.4;0.75;60;354135;9;2724;2745.9;;;;;;;;;;
t_j50_m5.txt;0.4;0.75;60;839113;7;2724;2749.395;;;;;;;;;;
t_j50_m5.txt;0.4;0.75;60;839113;8;2724;2749.395;;;;;;;;;;
t_j50_m5.txt;0.4;0.75;60;839113;9;2724;2749.395;;;;;;;;;;
t_j50_m5.txt;0.4;0.75;60;123452;7;2724;2748.495;;;;;;;;;;
t_j50_m5.txt;0.4;0.75;60;123452;8;2724;2748.495;;;;;;;;;;
t_j50_m5.txt;0.4;0.75;60;123452;9;2724;2748.495;;;;;;;;;;
t_j50_m5.txt;0.4;0.75;60;4354512;7;2724;2752.02;;;;;;;;;;
t_j50_m5.txt;0.4;0.75;60;4354512;8;2724;2752.1325;;;;;;;;;;
t_j50_m5.txt;0.4;0.75;60;4354512;9;2724;2742.3375;;;;;;;;;;
t_j50_m10.txt;0.4;0.75;60;12345;7;3110;3137.2175;;;;;;;;;;
t_j50_m10.txt;0.4;0.75;60;12345;8;3110;3137.2175;;;;;;;;;;
t_j50_m10.txt;0.4;0.75;60;12345;9;3107;3134.63;;;;;;;;;;
t_j50_m10.txt;0.4;0.75;60;435451;7;3103;3136.705;;;;;;;;;;
t_j50_m10.txt;0.4;0.75;60;435451;8;3101;3124.37;;;;;;;;;;
t_j50_m10.txt;0.4;0.75;60;435451;9;3093;3130.795;;;;;;;;;;
t_j50_m10.txt;0.4;0.75;60;56162;7;3104;3134.0325;;;;;;;;;;
t_j50_m10.txt;0.4;0.75;60;56162;8;3104;3134.0325;;;;;;;;;;
t_j50_m10.txt;0.4;0.75;60;56162;9;3099;3130.1925;;;;;;;;;;
t_j50_m10.txt;0.4;0.75;60;68813;7;3097;3127.5725;;;;;;;;;;
t_j50_m10.txt;0.4;0.75;60;68813;8;3097;3127.5725;;;;;;;;;;
t_j50_m10.txt;0.4;0.75;60;68813;9;3087;3114.165;;;;;;;;;;
t_j50_m10.txt;0.4;0.75;60;368387;7;3106;3135.525;;;;;;;;;;
t_j50_m10.txt;0.4;0.75;60;368387;8;3106;3135.525;;;;;;;;;;
t_j50_m10.txt;0.4;0.75;60;368387;9;3096;3125.525;;;;;;;;;;
t_j50_m10.txt;0.4;0.75;60;687619;7;3100;3140.8925;;;;;;;;;;
t_j50_m10.txt;0.4;0.75;60;687619;8;3101;3120.59;;;;;;;;;;
t_j50_m10.txt;0.4;0.75;60;687619;9;3101;3120.59;;;;;;;;;;
t_j50_m10.txt;0.4;0.75;60;354135;7;3094;3125.3425;;;;;;;;;;
t_j50_m10.txt;0.4;0.75;60;354135;8;3094;3125.3425;;;;;;;;;;
t_j50_m10.txt;0.4;0.75;60;354135;9;3094;3125.3425;;;;;;;;;;
t_j50_m10.txt;0.4;0.75;60;839113;7;3090;3118.74;;;;;;;;;;
t_j50_m10.txt;0.4;0.75;60;839113;8;3090;3118.74;;;;;;;;;;
t_j50_m10.txt;0.4;0.75;60;839113;9;3081;3109.74;;;;;;;;;;
t_j50_m10.txt;0.4;0.75;60;123452;7;3091;3134.065;;;;;;;;;;
t_j50_m10.txt;0.4;0.75;60;123452;8;3091;3134.065;;;;;;;;;;
t_j50_m10.txt;0.4;0.75;60;123452;9;3091;3131.7025;;;;;;;;;;
t_j50_m10.txt;0.4;0.75;60;4354512;7;3089;3125.7875;;;;;;;;;;
t_j50_m10.txt;0.4;0.75;60;4354512;8;3089;3125.7875;;;;;;;;;;
t_j50_m10.txt;0.4;0.75;60;4354512;9;3101;3127.82;;;;;;;;;;
t_j50_m20.txt;0.4;0.75;60;12345;7;4033;4053.445;;;;;;;;;;
t_j50_m20.txt;0.4;0.75;60;12345;8;4017;4038.515;;;;;;;;;;
t_j50_m20.txt;0.4;0.75;60;12345;9;4015;4031.75;;;;;;;;;;
t_j50_m20.txt;0.4;0.75;60;435451;7;4015;4044.715;;;;;;;;;;
t_j50_m20.txt;0.4;0.75;60;435451;8;4015;4044.715;;;;;;;;;;
t_j50_m20.txt;0.4;0.75;60;435451;9;4006;4033.9825;;;;;;;;;;
t_j50_m20.txt;0.4;0.75;60;56162;7;4013;4057.9225;;;;;;;;;;
t_j50_m20.txt;0.4;0.75;60;56162;8;4013;4057.9225;;;;;;;;;;
t_j50_m20.txt;0.4;0.75;60;56162;9;4010;4035.61;;;;;;;;;;
t_j50_m20.txt;0.4;0.75;60;68813;7;4011;4041.555;;;;;;;;;;
t_j50_m20.txt;0.4;0.75;60;68813;8;4011;4041.555;;;;;;;;;;
t_j50_m20.txt;0.4;0.75;60;68813;9;4005;4039.33;;;;;;;;;;
t_j50_m20.txt;0.4;0.75;60;368387;7;4023;4061.985;;;;;;;;;;
t_j50_m20.txt;0.4;0.75;60;368387;8;4023;4061.985;;;;;;;;;;
t_j50_m20.txt;0.4;0.75;60;368387;9;4022;4050.3725;;;;;;;;;;
t_j50_m20.txt;0.4;0.75;60;687619;7;4014;4054.705;;;;;;;;;;
t_j50_m20.txt;0.4;0.75;60;687619;8;4014;4054.705;;;;;;;;;;
t_j50_m20.txt;0.4;0.75;60;687619;9;4014;4050.1575;;;;;;;;;;
t_j50_m20.txt;0.4;0.75;60;354135;7;4021;4053.07;;;;;;;;;;
t_j50_m20.txt;0.4;0.75;60;354135;8;4031;4058.465;;;;;;;;;;
t_j50_m20.txt;0.4;0.75;60;354135;9;4009;4043.415;;;;;;;;;;
t_j50_m20.txt;0.4;0.75;60;839113;7;4030;4074.88;;;;;;;;;;
t_j50_m20.txt;0.4;0.75;60;839113;8;4016;4058.5175;;;;;;;;;;
t_j50_m20.txt;0.4;0.75;60;839113;9;4015;4046.14;;;;;;;;;;
t_j50_m20.txt;0.4;0.75;60;123452;7;4019;4055.615;;;;;;;;;;
t_j50_m20.txt;0.4;0.75;60;123452;8;4018;4051.915;;;;;;;;;;
t_j50_m20.txt;0.4;0.75;60;123452;9;4011;4049.7225;;;;;;;;;;
t_j50_m20.txt;0.4;0.75;60;4354512;7;4021;4049.86;;;;;;;;;;
t_j50_m20.txt;0.4;0.75;60;4354512;8;4021;4049.86;;;;;;;;;;
t_j50_m20.txt;0.4;0.75;60;4354512;9;4000;4056.135;;;;;;;;;;
t_j100_m5.txt;0.4;0.75;180;12345;7;5502;5562.185;;;;;;;;;;
t_j100_m5.txt;0.4;0.75;180;12345;8;5502;5562.185;;;;;;;;;;
t_j100_m5.txt;0.4;0.75;180;12345;9;5499;5560.74;;;;;;;;;;
t_j100_m5.txt;0.4;0.75;180;435451;7;5495;5551.985;;;;;;;;;;
t_j100_m5.txt;0.4;0.75;180;435451;8;5495;5551.985;;;;;;;;;;
t_j100_m5.txt;0.4;0.75;180;435451;9;5495;5548.985;;;;;;;;;;
t_j100_m5.txt;0.4;0.75;180;56162;7;5495;5561.8475;;;;;;;;;;
t_j100_m5.txt;0.4;0.75;180;56162;8;5495;5561.8475;;;;;;;;;;
t_j100_m5.txt;0.4;0.75;180;56162;9;5495;5561.8475;;;;;;;;;;
t_j100_m5.txt;0.4;0.75;180;68813;7;5494;5551.2225;;;;;;;;;;
t_j100_m5.txt;0.4;0.75;180;68813;8;5493;5551.2225;;;;;;;;;;
t_j100_m5.txt;0.4;0.75;180;68813;9;5493;5551.2225;;;;;;;;;;
t_j100_m5.txt;0.4;0.75;180;368387;7;5497;5557.685;;;;;;;;;;
t_j100_m5.txt;0.4;0.75;180;368387;8;5497;5557.685;;;;;;;;;;
t_j100_m5.txt;0.4;0.75;180;368387;9;5497;5557.685;;;;;;;;;;
t_j100_m5.txt;0.4;0.75;180;687619;7;5497;5559.06;;;;;;;;;;
t_j100_m5.txt;0.4;0.75;180;687619;8;5497;5559.06;;;;;;;;;;
t_j100_m5.txt;0.4;0.75;180;687619;9;5497;5556.9975;;;;;;;;;;
t_j100_m5.txt;0.4;0.75;180;354135;7;5499;5554.0275;;;;;;;;;;
t_j100_m5.txt;0.4;0.75;180;354135;8;5499;5554.0275;;;;;;;;;;
t_j100_m5.txt;0.4;0.75;180;354135;9;5499;5554.0275;;;;;;;;;;
t_j100_m5.txt;0.4;0.75;180;839113;7;5495;5550.335;;;;;;;;;;
t_j100_m5.txt;0.4;0.75;180;839113;8;5495;5550.335;;;;;;;;;;
t_j100_m5.txt;0.4;0.75;180;839113;9;5495;5550.335;;;;;;;;;;
t_j100_m5.txt;0.4;0.75;180;123452;7;5499;5560.7975;;;;;;;;;;
t_j100_m5.txt;0.4;0.75;180;123452;8;5495;5561.6975;;;;;;;;;;
t_j100_m5.txt;0.4;0.75;180;123452;9;5499;5559.5975;;;;;;;;;;
t_j100_m5.txt;0.4;0.75;180;4354512;7;5495;5550.3725;;;;;;;;;;
t_j100_m5.txt;0.4;0.75;180;4354512;8;5495;5547.1475;;;;;;;;;;
t_j100_m5.txt;0.4;0.75;180;4354512;9;5497;5547.1475;;;;;;;;;;
t_j100_m10.txt;0.4;0.75;180;12345;7;5808;5867.775;;;;;;;;;;
t_j100_m10.txt;0.4;0.75;180;12345;8;5808;5867.775;;;;;;;;;;
t_j100_m10.txt;0.4;0.75;180;12345;9;5809;5856.22;;;;;;;;;;
t_j100_m10.txt;0.4;0.75;180;435451;7;5832;5896.2;;;;;;;;;;
t_j100_m10.txt;0.4;0.75;180;435451;8;5832;5896.2;;;;;;;;;;
t_j100_m10.txt;0.4;0.75;180;435451;9;5825;5871.9575;;;;;;;;;;
t_j100_m10.txt;0.4;0.75;180;56162;7;5801;5850.445;;;;;;;;;;
t_j100_m10.txt;0.4;0.75;180;56162;8;5801;5850.445;;;;;;;;;;
t_j100_m10.txt;0.4;0.75;180;56162;9;5801;5850.445;;;;;;;;;;
t_j100_m10.txt;0.4;0.75;180;68813;7;5815;5869.5525;;;;;;;;;;
t_j100_m10.txt;0.4;0.75;180;68813;8;5815;5869.5525;;;;;;;;;;
t_j100_m10.txt;0.4;0.75;180;68813;9;5808;5851.2375;;;;;;;;;;
t_j100_m10.txt;0.4;0.75;180;368387;7;5822;5882.2475;;;;;;;;;;
t_j100_m10.txt;0.4;0.75;180;368387;8;5822;5882.2475;;;;;;;;;;
t_j100_m10.txt;0.4;0.75;180;368387;9;5814;5866.545;;;;;;;;;;
t_j100_m10.txt;0.4;0.75;180;687619;7;5821;5876.58;;;;;;;;;;
t_j100_m10.txt;0.4;0.75;180;687619;8;5821;5876.58;;;;;;;;;;
t_j100_m10.txt;0.4;0.75;180;687619;9;5829;5866.2975;;;;;;;;;;
t_j100_m10.txt;0.4;0.75;180;354135;7;5824;5875.0525;;;;;;;;;;
t_j100_m10.txt;0.4;0.75;180;354135;8;5817;5870.155;;;;;;;;;;
t_j100_m10.txt;0.4;0.75;180;354135;9;5800;5850.5575;;;;;;;;;;
t_j100_m10.txt;0.4;0.75;180;839113;7;5807;5877.3025;;;;;;;;;;
t_j100_m10.txt;0.4;0.75;180;839113;8;5807;5877.3025;;;;;;;;;;
t_j100_m10.txt;0.4;0.75;180;839113;9;5807;5873.59;;;;;;;;;;
t_j100_m10.txt;0.4;0.75;180;123452;7;5817;5868.8325;;;;;;;;;;
t_j100_m10.txt;0.4;0.75;180;123452;8;5817;5868.8325;;;;;;;;;;
t_j100_m10.txt;0.4;0.75;180;123452;9;5807;5853.1775;;;;;;;;;;
t_j100_m10.txt;0.4;0.75;180;4354512;7;5823;5869.1475;;;;;;;;;;
t_j100_m10.txt;0.4;0.75;180;4354512;8;5823;5869.1475;;;;;;;;;;
t_j100_m10.txt;0.4;0.75;180;4354512;9;5812;5852.0575;;;;;;;;;;
t_j100_m20.txt;0.4;0.75;180;12345;7;6516;6591.8525;;;;;;;;;;
t_j100_m20.txt;0.4;0.75;180;12345;8;6516;6591.8525;;;;;;;;;;
t_j100_m20.txt;0.4;0.75;180;12345;9;6515;6564.3725;;;;;;;;;;
t_j100_m20.txt;0.4;0.75;180;435451;7;6506;6567.8075;;;;;;;;;;
t_j100_m20.txt;0.4;0.75;180;435451;8;6506;6567.8075;;;;;;;;;;
t_j100_m20.txt;0.4;0.75;180;435451;9;6514;6566.655;;;;;;;;;;
t_j100_m20.txt;0.4;0.75;180;56162;7;6510;6567.0375;;;;;;;;;;
t_j100_m20.txt;0.4;0.75;180;56162;8;6510;6567.0375;;;;;;;;;;
t_j100_m20.txt;0.4;0.75;180;56162;9;6496;6554.595;;;;;;;;;;
t_j100_m20.txt;0.4;0.75;180;68813;7;6506;6562.885;;;;;;;;;;
t_j100_m20.txt;0.4;0.75;180;68813;8;6514;6559.285;;;;;;;;;;
t_j100_m20.txt;0.4;0.75;180;68813;9;6505;6552.1825;;;;;;;;;;
t_j100_m20.txt;0.4;0.75;180;368387;7;6515;6579.335;;;;;;;;;;
t_j100_m20.txt;0.4;0.75;180;368387;8;6515;6579.335;;;;;;;;;;
t_j100_m20.txt;0.4;0.75;180;368387;9;6512;6565.07;;;;;;;;;;
t_j100_m20.txt;0.4;0.75;180;687619;7;6519;6597.065;;;;;;;;;;
t_j100_m20.txt;0.4;0.75;180;687619;8;6519;6594.8525;;;;;;;;;;
t_j100_m20.txt;0.4;0.75;180;687619;9;6498;6550.2025;;;;;;;;;;
t_j100_m20.txt;0.4;0.75;180;354135;7;6500;6555.17;;;;;;;;;;
t_j100_m20.txt;0.4;0.75;180;354135;8;6500;6555.17;;;;;;;;;;
t_j100_m20.txt;0.4;0.75;180;354135;9;6500;6544.945;;;;;;;;;;
t_j100_m20.txt;0.4;0.75;180;839113;7;6517;6582.4;;;;;;;;;;
t_j100_m20.txt;0.4;0.75;180;839113;8;6515;6578.7775;;;;;;;;;;
t_j100_m20.txt;0.4;0.75;180;839113;9;6510;6568.92;;;;;;;;;;
t_j100_m20.txt;0.4;0.75;180;123452;7;6510;6590.7325;;;;;;;;;;
t_j100_m20.txt;0.4;0.75;180;123452;8;6510;6583.4525;;;;;;;;;;
t_j100_m20.txt;0.4;0.75;180;123452;9;6511;6575.225;;;;;;;;;;
t_j100_m20.txt;0.4;0.75;180;4354512;7;6555;6618.505;;;;;;;;;;
t_j100_m20.txt;0.4;0.75;180;4354512;8;6549;6614.46;;;;;;;;;;
t_j100_m20.txt;0.4;0.75;180;4354512;9;6533;6588.9825;;;;;;;;;;
t_j200_m10.txt;0.4;0.75;180;12345;7;10953;11046.1475;;;;;;;;;;
t_j200_m10.txt;0.4;0.75;180;12345;8;10953;11046.1475;;;;;;;;;;
t_j200_m10.txt;0.4;0.75;180;12345;9;10935;11027.9925;;;;;;;;;;
t_j200_m10.txt;0.4;0.75;180;435451;7;10953;11064.0275;;;;;;;;;;
t_j200_m10.txt;0.4;0.75;180;435451;8;10953;11064.0275;;;;;;;;;;
t_j200_m10.txt;0.4;0.75;180;435451;9;10952;11056.4675;;;;;;;;;;
t_j200_m10.txt;0.4;0.75;180;56162;7;10942;11069.2675;;;;;;;;;;
t_j200_m10.txt;0.4;0.75;180;56162;8;10942;11069.2675;;;;;;;;;;
t_j200_m10.txt;0.4;0.75;180;56162;9;10942;11068.8175;;;;;;;;;;
t_j200_m10.txt;0.4;0.75;180;68813;7;10952;11069.5925;;;;;;;;;;
t_j200_m10.txt;0.4;0.75;180;68813;8;10952;11069.5925;;;;;;;;;;
t_j200_m10.txt;0.4;0.75;180;68813;9;10952;11069.5925;;;;;;;;;;
t_j200_m10.txt;0.4;0.75;180;368387;7;10967;11078.5425;;;;;;;;;;
t_j200_m10.txt;0.4;0.75;180;368387;8;10967;11078.5425;;;;;;;;;;
t_j200_m10.txt;0.4;0.75;180;368387;9;10967;11075.3925;;;;;;;;;;
t_j200_m10.txt;0.4;0.75;180;687619;7;10965;11110.8425;;;;;;;;;;
t_j200_m10.txt;0.4;0.75;180;687619;8;10965;11110.8425;;;;;;;;;;
t_j200_m10.txt;0.4;0.75;180;687619;9;10953;11061.655;;;;;;;;;;
t_j200_m10.txt;0.4;0.75;180;354135;7;10934;11036.105;;;;;;;;;;
t_j200_m10.txt;0.4;0.75;180;354135;8;10934;11036.105;;;;;;;;;;
t_j200_m10.txt;0.4;0.75;180;354135;9;10934;11035.9925;;;;;;;;;;
t_j200_m10.txt;0.4;0.75;180;839113;7;10991;11127.38;;;;;;;;;;
t_j200_m10.txt;0.4;0.75;180;839113;8;10991;11127.38;;;;;;;;;;
t_j200_m10.txt;0.4;0.75;180;839113;9;10991;11127.38;;;;;;;;;;
t_j200_m10.txt;0.4;0.75;180;123452;7;10947;11077.645;;;;;;;;;;
t_j200_m10.txt;0.4;0.75;180;123452;8;10947;11077.645;;;;;;;;;;
t_j200_m10.txt;0.4;0.75;180;123452;9;10947;11071.3075;;;;;;;;;;
t_j200_m10.txt;0.4;0.75;180;4354512;7;10962;11075.24;;;;;;;;;;
t_j200_m10.txt;0.4;0.75;180;4354512;8;10962;11075.24;;;;;;;;;;
t_j200_m10.txt;0.4;0.75;180;4354512;9;10962;11073.1025;;;;;;;;;;
t_j200_m20.txt;0.4;0.75;180;12345;7;11574;11687.5125;;;;;;;;;;
t_j200_m20.txt;0.4;0.75;180;12345;8;11574;11687.5125;;;;;;;;;;
t_j200_m20.txt;0.4;0.75;180;12345;9;11560;11668.2175;;;;;;;;;;
t_j200_m20.txt;0.4;0.75;180;435451;7;11618;11718.115;;;;;;;;;;
t_j200_m20.txt;0.4;0.75;180;435451;8;11618;11714.105;;;;;;;;;;
t_j200_m20.txt;0.4;0.75;180;435451;9;11571;11663.855;;;;;;;;;;
t_j200_m20.txt;0.4;0.75;180;56162;7;11623;11744.5525;;;;;;;;;;
t_j200_m20.txt;0.4;0.75;180;56162;8;11623;11744.5525;;;;;;;;;;
t_j200_m20.txt;0.4;0.75;180;56162;9;11596;11704.2525;;;;;;;;;;
t_j200_m20.txt;0.4;0.75;180;68813;7;11637;11751.89;;;;;;;;;;
t_j200_m20.txt;0.4;0.75;180;68813;8;11627;11738.8;;;;;;;;;;
t_j200_m20.txt;0.4;0.75;180;68813;9;11612;11726.8825;;;;;;;;;;
t_j200_m20.txt;0.4;0.75;180;368387;7;11606;11707.8675;;;;;;;;;;
t_j200_m20.txt;0.4;0.75;180;368387;8;11606;11707.8675;;;;;;;;;;
t_j200_m20.txt;0.4;0.75;180;368387;9;11562;11685.8875;;;;;;;;;;
t_j200_m20.txt;0.4;0.75;180;687619;7;11617;11723.1275;;;;;;;;;;
t_j200_m20.txt;0.4;0.75;180;687619;8;11617;11723.1275;;;;;;;;;;
t_j200_m20.txt;0.4;0.75;180;687619;9;11579;11682.5425;;;;;;;;;;
t_j200_m20.txt;0.4;0.75;180;354135;7;11565;11683.25;;;;;;;;;;
t_j200_m20.txt;0.4;0.75;180;354135;8;11565;11683.25;;;;;;;;;;
t_j200_m20.txt;0.4;0.75;180;354135;9;11557;11654.2975;;;;;;;;;;
t_j200_m20.txt;0.4;0.75;180;839113;7;11582;11695.25;;;;;;;;;;
t_j200_m20.txt;0.4;0.75;180;839113;8;11582;11695.25;;;;;;;;;;
t_j200_m20.txt;0.4;0.75;180;839113;9;11541;11636.61;;;;;;;;;;
t_j200_m20.txt;0.4;0.75;180;123452;7;11578;11685.5125;;;;;;;;;;
t_j200_m20.txt;0.4;0.75;180;123452;8;11578;11685.5125;;;;;;;;;;
t_j200_m20.txt;0.4;0.75;180;123452;9;11573;11659.19;;;;;;;;;;
t_j200_m20.txt;0.4;0.75;180;4354512;7;11586;11725.6825;;;;;;;;;;
t_j200_m20.txt;0.4;0.75;180;4354512;8;11586;11725.6825;;;;;;;;;;
t_j200_m20.txt;0.4;0.75;180;4354512;9;11564;11667.685;;;;;;;;;;
t_j500_m20.txt;0.4;0.75;180;12345;7;26824;27077.335;;;;;;;;;;
t_j500_m20.txt;0.4;0.75;180;12345;8;26824;27077.335;;;;;;;;;;
t_j500_m20.txt;0.4;0.75;180;12345;9;26769;27006.38;;;;;;;;;;
t_j500_m20.txt;0.4;0.75;180;435451;7;26799;27082.2075;;;;;;;;;;
t_j500_m20.txt;0.4;0.75;180;435451;8;26799;27082.2075;;;;;;;;;;
t_j500_m20.txt;0.4;0.75;180;435451;9;26781;27031.3825;;;;;;;;;;
t_j500_m20.txt;0.4;0.75;180;56162;7;26765;27034.995;;;;;;;;;;
t_j500_m20.txt;0.4;0.75;180;56162;8;26765;27034.995;;;;;;;;;;
t_j500_m20.txt;0.4;0.75;180;56162;9;26692;26965.56;;;;;;;;;;
t_j500_m20.txt;0.4;0.75;180;68813;7;26725;26972.335;;;;;;;;;;
t_j500_m20.txt;0.4;0.75;180;68813;8;26725;26962.355;;;;;;;;;;
t_j500_m20.txt;0.4;0.75;180;68813;9;26691;26934.765;;;;;;;;;;
t_j500_m20.txt;0.4;0.75;180;368387;7;26769;27047.1325;;;;;;;;;;
t_j500_m20.txt;0.4;0.75;180;368387;8;26769;27047.1325;;;;;;;;;;
t_j500_m20.txt;0.4;0.75;180;368387;9;26705;26956.6825;;;;;;;;;;
t_j500_m20.txt;0.4;0.75;180;687619;7;26770;26992.28;;;;;;;;;;
t_j500_m20.txt;0.4;0.75;180;687619;8;26770;26992;;;;;;;;;;
t_j500_m20.txt;0.4;0.75;180;687619;9;26734;26952.8125;;;;;;;;;;
t_j500_m20.txt;0.4;0.75;180;354135;7;26795;27031.655;;;;;;;;;;
t_j500_m20.txt;0.4;0.75;180;354135;8;26795;27029.93;;;;;;;;;;
t_j500_m20.txt;0.4;0.75;180;354135;9;26695;26937.6975;;;;;;;;;;
t_j500_m20.txt;0.4;0.75;180;839113;7;26705;26979.3325;;;;;;;;;;
t_j500_m20.txt;0.4;0.75;180;839113;8;26705;26979.3325;;;;;;;;;;
t_j500_m20.txt;0.4;0.75;180;839113;9;26659;26914.975;;;;;;;;;;
t_j500_m20.txt;0.4;0.75;180;123452;7;26841;27111.9775;;;;;;;;;;
t_j500_m20.txt;0.4;0.75;180;123452;8;26841;27111.9775;;;;;;;;;;
t_j500_m20.txt;0.4;0.75;180;123452;9;26777;27031.2125;;;;;;;;;;
t_j500_m20.txt;0.4;0.75;180;4354512;7;26710;26972.5375;;;;;;;;;;
t_j500_m20.txt;0.4;0.75;180;4354512;8;26710;26972.5375;;;;;;;;;;
t_j500_m20.txt;0.4;0.75;180;4354512;9;26630;26892.775;;;;;;;;;;
